UF,Pct_coligacao,Eleitores_UF,Eleitores_coligacao,Candidatos
AC,5.0,614631,30732,Thor Dantas (PSB) 5
AL,0,2442275,0,
AM,0.0,2802091,0,Isael Munduruku (REDE) 0
AP,0,577698,0,
BA,47.0,11321934,5321309,Jerônimo Rodrigues (PT) 46 + Ronaldo Mansur (PSOL) 1
CE,42.0,7000978,2940411,Elmano De Freitas (PT) 42
DF,25.0,2253238,563310,Leandro Grass (PT) 24 + Cappelli (PSB) 1
ES,10.0,2990582,299058,Helder Salomão (PT) 10
GO,5.0,5081043,254052,Luis Cesar Bueno (PT) 5
MA,8.0,5188115,415049,Felipe Camarão (PT) 8
MG,26.0,16379547,4258682,Patrus Ananias (PT) 18 + Alexandre Kalil (PDT) 8
MS,20.0,2025001,405000,Fábio Trad (PT) 19 + Lucien Rezende (PSOL) 1
MT,0,2639075,0,
PA,2.0,6267107,125342,Araceli (PSOL) 2
PB,0,3248007,0,
PE,46.0,7226975,3324408,João Campos (PSB) 45 + Ivan Moraes (PSOL) 1
PI,59.0,2708756,1598166,Rafael Fonteles (PT) 58 + Professor Gisvaldo (PSOL) 1
PR,23.0,8610076,1980317,Requião Filho (PDT) 23
RJ,2.0,12857388,257148,William Siri (PSOL) 2
RN,28.0,2660947,745065,Cadu De Lula (PT) 27 + Professor Roberio Paulino (PSOL) 1
RO,7.0,1268667,88807,Expedito Netto (PT) 6 + Samuel Costa (PSB) 1
RR,1.0,401573,4016,Rosi Aires (PSOL) 1
RS,25.0,8526505,2131626,Juliana Brizola (PDT) 25
SC,10.0,5725998,572600,Gelson Merísio (PSB) 10
SE,1.0,1740240,17402,Dr. Helton (PSOL) 1
SP,32.0,34105332,10913706,Fernando Haddad (PT) 32
TO,0.0,1182768,0,Prof Witer Naves (PSOL) 0
