UF,Instituto,Data,Cidades,Eleitores,Candidato,Percentual
AC,Quaest,2026-10-03,22,614631,Alan Rick,33.0
AC,Quaest,2026-10-03,22,614631,Mailza Assis,36.0
AC,Quaest,2026-10-03,22,614631,Tião Bocalom,16.0
AC,Quaest,2026-10-03,22,614631,Thor Dantas,5.0
AC,Quaest,2026-10-03,22,614631,Dr. Luisinho,1.0
AC,Quaest,2026-10-03,22,614631,Eudo Raffael,0.0
AC,Quaest,2026-10-03,22,614631,Indecisos,4.0
AC,Quaest,2026-10-03,22,614631,Branco/Nulo/Não Vai Votar,5.0
AL,Quaest,2026-10-03,102,2442275,Renan Filho,43.0
AL,Quaest,2026-10-03,102,2442275,Jhc,42.0
AL,Quaest,2026-10-03,102,2442275,Lenilda Luna,0.0
AL,Quaest,2026-10-03,102,2442275,Márcio Jambo,0.0
AL,Quaest,2026-10-03,102,2442275,Indecisos,11.0
AL,Quaest,2026-10-03,102,2442275,Branco/Nulo/Não Vai Votar,4.0
AM,Quaest,2026-10-03,62,2802091,Omar Aziz,34.0
AM,Quaest,2026-10-03,62,2802091,Roberto Cidade,20.0
AM,Quaest,2026-10-03,62,2802091,Professora Maria Do Carmo,21.0
AM,Quaest,2026-10-03,62,2802091,David Almeida,10.0
AM,Quaest,2026-10-03,62,2802091,Cabo Daciolo,0.0
AM,Quaest,2026-10-03,62,2802091,Isael Munduruku,0.0
AM,Quaest,2026-10-03,62,2802091,Gilberto Vasconcelos,0.0
AM,Quaest,2026-10-03,62,2802091,Indecisos,6.0
AM,Quaest,2026-10-03,62,2802091,Branco/Nulo/Não Vai Votar,9.0
AP,Quaest,2026-10-03,16,577698,Dr. Furlan,50.0
AP,Quaest,2026-10-03,16,577698,Clécio,45.0
AP,Quaest,2026-10-03,16,577698,Jairo Palheta,0.0
AP,Quaest,2026-10-03,16,577698,Carlos Cley,0.0
AP,Quaest,2026-10-03,16,577698,Delegado Marcos,0.0
AP,Quaest,2026-10-03,16,577698,Indecisos,1.0
AP,Quaest,2026-10-03,16,577698,Branco/Nulo/Não Vai Votar,4.0
BA,Quaest,2026-10-03,417,11321934,Acm Neto,42.0
BA,Quaest,2026-10-03,417,11321934,Jerônimo Rodrigues,46.0
BA,Quaest,2026-10-03,417,11321934,Aroldo Felix,0.0
BA,Quaest,2026-10-03,417,11321934,Maria Bona,0.0
BA,Quaest,2026-10-03,417,11321934,Ariel Capistrano,0.0
BA,Quaest,2026-10-03,417,11321934,Ronaldo Mansur,1.0
BA,Quaest,2026-10-03,417,11321934,Indecisos,5.0
BA,Quaest,2026-10-03,417,11321934,Branco/Nulo/Não Vai Votar,6.0
CE,Quaest,2026-10-03,184,7000978,Ciro Gomes,41.0
CE,Quaest,2026-10-03,184,7000978,Elmano De Freitas,42.0
CE,Quaest,2026-10-03,184,7000978,Delegado Huggo,1.0
CE,Quaest,2026-10-03,184,7000978,Danilo Soares,0.0
CE,Quaest,2026-10-03,184,7000978,Vera Lúcia,0.0
CE,Quaest,2026-10-03,184,7000978,Ieri Braga,0.0
CE,Quaest,2026-10-03,184,7000978,Zé Batista,0.0
CE,Quaest,2026-10-03,184,7000978,Serley Leal,0.0
CE,Quaest,2026-10-03,184,7000978,Indecisos,10.0
CE,Quaest,2026-10-03,184,7000978,Branco/Nulo/Não Vai Votar,6.0
DF,Datafolha,2026-10-03,1,2253238,Celina Leão,49.0
DF,Datafolha,2026-10-03,1,2253238,Leandro Grass,24.0
DF,Datafolha,2026-10-03,1,2253238,Paula Belmonte,9.0
DF,Datafolha,2026-10-03,1,2253238,Cappelli,1.0
DF,Datafolha,2026-10-03,1,2253238,Kiko Caputo,3.0
DF,Datafolha,2026-10-03,1,2253238,Professora Samara Mineiro,1.0
DF,Datafolha,2026-10-03,1,2253238,Elisson,0.0
DF,Datafolha,2026-10-03,1,2253238,Professor Robson,1.0
DF,Datafolha,2026-10-03,1,2253238,Rico Pinheiro,0.0
DF,Datafolha,2026-10-03,1,2253238,Expedito Mendonça,0.0
DF,Datafolha,2026-10-03,1,2253238,Em Branco/Nulo/Nenhum,6.0
DF,Datafolha,2026-10-03,1,2253238,Indecisos,5.0
ES,Quaest,2026-10-03,78,2990582,Ricardo Ferraço,31.0
ES,Quaest,2026-10-03,78,2990582,Lorenzo Pazolini,34.0
ES,Quaest,2026-10-03,78,2990582,Helder Salomão,10.0
ES,Quaest,2026-10-03,78,2990582,Breno Barcelos,1.0
ES,Quaest,2026-10-03,78,2990582,Rafael Demuner,0.0
ES,Quaest,2026-10-03,78,2990582,Indecisos,18.0
ES,Quaest,2026-10-03,78,2990582,Branco/Nulo/Não Vai Votar,6.0
GO,Quaest,2026-10-03,246,5081043,Daniel Vilela,47.0
GO,Quaest,2026-10-03,246,5081043,Marconi Perillo,15.0
GO,Quaest,2026-10-03,246,5081043,Wilder Morais,17.0
GO,Quaest,2026-10-03,246,5081043,Luis Cesar Bueno,5.0
GO,Quaest,2026-10-03,246,5081043,Danilo Pinheiro,0.0
GO,Quaest,2026-10-03,246,5081043,Luciana Amorim,0.0
GO,Quaest,2026-10-03,246,5081043,Indecisos,9.0
GO,Quaest,2026-10-03,246,5081043,Branco/Nulo/Não Vai Votar,7.0
MA,Quaest,2026-10-03,217,5188115,Eduardo Braide,43.0
MA,Quaest,2026-10-03,217,5188115,Orleans Brandão,29.0
MA,Quaest,2026-10-03,217,5188115,Felipe Camarão,8.0
MA,Quaest,2026-10-03,217,5188115,Roberto Rocha,2.0
MA,Quaest,2026-10-03,217,5188115,André Luis,1.0
MA,Quaest,2026-10-03,217,5188115,Saulo Arcangeli,0.0
MA,Quaest,2026-10-03,217,5188115,Reginaldo Lima,0.0
MA,Quaest,2026-10-03,217,5188115,Dimas Cassimiro,0.0
MA,Quaest,2026-10-03,217,5188115,Indecisos,14.0
MA,Quaest,2026-10-03,217,5188115,Branco/Nulo/Não Vai Votar,3.0
MG,Datafolha,2026-10-03,853,16379547,Cleitinho Azevedo,44.0
MG,Datafolha,2026-10-03,853,16379547,Patrus Ananias,18.0
MG,Datafolha,2026-10-03,853,16379547,Alexandre Kalil,8.0
MG,Datafolha,2026-10-03,853,16379547,Mateus Simões,3.0
MG,Datafolha,2026-10-03,853,16379547,Flávio Roscoe,4.0
MG,Datafolha,2026-10-03,853,16379547,Gabriel,3.0
MG,Datafolha,2026-10-03,853,16379547,Professor Túlio Lopes,1.0
MG,Datafolha,2026-10-03,853,16379547,Rafael Duda,1.0
MG,Datafolha,2026-10-03,853,16379547,Ben Mendes,1.0
MG,Datafolha,2026-10-03,853,16379547,Indira Xavier,0.0
MG,Datafolha,2026-10-03,853,16379547,Henrique Áreas,1.0
MG,Datafolha,2026-10-03,853,16379547,Em Branco/Nulo/Nenhum,6.0
MG,Datafolha,2026-10-03,853,16379547,Indecisos,11.0
MS,Quaest,2026-10-03,79,2025001,Eduardo Riedel,56.0
MS,Quaest,2026-10-03,79,2025001,Fábio Trad,19.0
MS,Quaest,2026-10-03,79,2025001,Delcidio Amaral,4.0
MS,Quaest,2026-10-03,79,2025001,João Henrique Catan,3.0
MS,Quaest,2026-10-03,79,2025001,Lucien Rezende,1.0
MS,Quaest,2026-10-03,79,2025001,Daniel Lemes,0.0
MS,Quaest,2026-10-03,79,2025001,Economista Renato Gomes,1.0
MS,Quaest,2026-10-03,79,2025001,Jeferson Bezerra,1.0
MS,Quaest,2026-10-03,79,2025001,Indecisos,7.0
MS,Quaest,2026-10-03,79,2025001,Branco/Nulo/Não Vai Votar,8.0
MT,Quaest,2026-10-03,142,2639075,Wellington Fagundes,20.0
MT,Quaest,2026-10-03,142,2639075,Otaviano Pivetta,40.0
MT,Quaest,2026-10-03,142,2639075,Doutora Natasha,11.0
MT,Quaest,2026-10-03,142,2639075,Sargento Laudicério (Lau),2.0
MT,Quaest,2026-10-03,142,2639075,Rafaell Milas,1.0
MT,Quaest,2026-10-03,142,2639075,Mauricio Coelho,1.0
MT,Quaest,2026-10-03,142,2639075,Indecisos,19.0
MT,Quaest,2026-10-03,142,2639075,Branco/Nulo/Não Vai Votar,6.0
PA,Quaest,2026-10-03,144,6267107,Dr. Daniel,44.0
PA,Quaest,2026-10-03,144,6267107,Hana Ghassan,31.0
PA,Quaest,2026-10-03,144,6267107,Araceli,2.0
PA,Quaest,2026-10-03,144,6267107,Well Macedo,0.0
PA,Quaest,2026-10-03,144,6267107,Gal Leite,0.0
PA,Quaest,2026-10-03,144,6267107,Ruth Reis,1.0
PA,Quaest,2026-10-03,144,6267107,Indecisos,18.0
PA,Quaest,2026-10-03,144,6267107,Branco/Nulo/Não Vai Votar,4.0
PB,Quaest,2026-10-03,223,3248007,Lucas Ribeiro,52.0
PB,Quaest,2026-10-03,223,3248007,Cícero Lucena,13.0
PB,Quaest,2026-10-03,223,3248007,Efraim Filho,19.0
PB,Quaest,2026-10-03,223,3248007,Pedro Coutinho,1.0
PB,Quaest,2026-10-03,223,3248007,Camilo Duarte,0.0
PB,Quaest,2026-10-03,223,3248007,Yuri Ezequiel,0.0
PB,Quaest,2026-10-03,223,3248007,Indecisos,9.0
PB,Quaest,2026-10-03,223,3248007,Branco/Nulo/Não Vai Votar,6.0
PE,Datafolha,2026-10-03,185,7226975,Raquel Lyra,46.0
PE,Datafolha,2026-10-03,185,7226975,João Campos,45.0
PE,Datafolha,2026-10-03,185,7226975,Ivan Moraes,1.0
PE,Datafolha,2026-10-03,185,7226975,Renan,1.0
PE,Datafolha,2026-10-03,185,7226975,Professora Camila,0.0
PE,Datafolha,2026-10-03,185,7226975,Guilherme Fonseca,0.0
PE,Datafolha,2026-10-03,185,7226975,Victor Assis,0.0
PE,Datafolha,2026-10-03,185,7226975,Em Branco/Nulo/Nenhum,4.0
PE,Datafolha,2026-10-03,185,7226975,Indecisos,3.0
PI,Datafolha,2026-10-03,224,2708756,Rafael Fonteles,58.0
PI,Datafolha,2026-10-03,224,2708756,Joel Rodrigues,24.0
PI,Datafolha,2026-10-03,224,2708756,Dra. Lúcia Santos,1.0
PI,Datafolha,2026-10-03,224,2708756,Geraldo Carvalho,1.0
PI,Datafolha,2026-10-03,224,2708756,Lourdes Melo,0.0
PI,Datafolha,2026-10-03,224,2708756,Professor Gisvaldo,1.0
PI,Datafolha,2026-10-03,224,2708756,Professor Jurity,1.0
PI,Datafolha,2026-10-03,224,2708756,Elizeu Aguiar,1.0
PI,Datafolha,2026-10-03,224,2708756,Santiago Belizário,0.0
PI,Datafolha,2026-10-03,224,2708756,Ravenna Da Inclusão,0.0
PI,Datafolha,2026-10-03,224,2708756,Em Branco/Nulo/Nenhum,6.0
PI,Datafolha,2026-10-03,224,2708756,Indecisos,7.0
PR,Quaest,2026-10-03,399,8610076,Sergio Moro,36.0
PR,Quaest,2026-10-03,399,8610076,Requião Filho,23.0
PR,Quaest,2026-10-03,399,8610076,Sandro Alex,25.0
PR,Quaest,2026-10-03,399,8610076,Luiz França,1.0
PR,Quaest,2026-10-03,399,8610076,Tayná Miessa,1.0
PR,Quaest,2026-10-03,399,8610076,Alexandre Salomão,1.0
PR,Quaest,2026-10-03,399,8610076,Adriano Funileiro,0.0
PR,Quaest,2026-10-03,399,8610076,Samuel De Mattos,0.0
PR,Quaest,2026-10-03,399,8610076,Indecisos,9.0
PR,Quaest,2026-10-03,399,8610076,Branco/Nulo/Não Vai Votar,4.0
RJ,Quaest,2026-10-03,92,12857388,Eduardo Paes,35.0
RJ,Quaest,2026-10-03,92,12857388,Douglas Ruas,28.0
RJ,Quaest,2026-10-03,92,12857388,Garotinho,4.0
RJ,Quaest,2026-10-03,92,12857388,William Siri,2.0
RJ,Quaest,2026-10-03,92,12857388,Coronel Busnello,1.0
RJ,Quaest,2026-10-03,92,12857388,Cyro Garcia,0.0
RJ,Quaest,2026-10-03,92,12857388,Juliete,1.0
RJ,Quaest,2026-10-03,92,12857388,Luan Monteiro,0.0
RJ,Quaest,2026-10-03,92,12857388,André Marinho,1.0
RJ,Quaest,2026-10-03,92,12857388,Indecisos,15.0
RJ,Quaest,2026-10-03,92,12857388,Branco/Nulo/Não Vai Votar,13.0
RN,Quaest,2026-10-03,167,2660947,Allyson,31.0
RN,Quaest,2026-10-03,167,2660947,Cadu De Lula,27.0
RN,Quaest,2026-10-03,167,2660947,Álvaro Dias,24.0
RN,Quaest,2026-10-03,167,2660947,Rodrigo Bolsonaro,1.0
RN,Quaest,2026-10-03,167,2660947,Professor Roberio Paulino,1.0
RN,Quaest,2026-10-03,167,2660947,Dário Barbosa,0.0
RN,Quaest,2026-10-03,167,2660947,Henrique Lyra,0.0
RN,Quaest,2026-10-03,167,2660947,Arinalda Do Mlb,0.0
RN,Quaest,2026-10-03,167,2660947,Godeiro Linharess,0.0
RN,Quaest,2026-10-03,167,2660947,Indecisos,2.0
RN,Quaest,2026-10-03,167,2660947,Branco/Nulo/Não Vai Votar,14.0
RO,Quaest,2026-09-24,52,1268667,Marcos Rogério,37.0
RO,Quaest,2026-09-24,52,1268667,Adailton Furia,21.0
RO,Quaest,2026-09-24,52,1268667,Expedito Netto,6.0
RO,Quaest,2026-09-24,52,1268667,Hildon Chaves,9.0
RO,Quaest,2026-09-24,52,1268667,Samuel Costa,1.0
RO,Quaest,2026-09-24,52,1268667,Pedro Abib,1.0
RO,Quaest,2026-09-24,52,1268667,Indecisos,19.0
RO,Quaest,2026-09-24,52,1268667,Branco/Nulo/Não Vai Votar,6.0
RR,Quaest,2026-09-25,15,401573,Arthur Henrique,57.0
RR,Quaest,2026-09-25,15,401573,Soldado Sampaio,32.0
RR,Quaest,2026-09-25,15,401573,Rosi Aires,2.0
RR,Quaest,2026-09-25,15,401573,Clébio Genuíno,0.0
RR,Quaest,2026-09-25,15,401573,Farah Mesquita,0.0
RR,Quaest,2026-09-25,15,401573,Indecisos,7.0
RR,Quaest,2026-09-25,15,401573,Branco/Nulo/Não Vai Votar,2.0
RS,Quaest,2026-10-03,497,8526505,Zucco,39.0
RS,Quaest,2026-10-03,497,8526505,Juliana Brizola,25.0
RS,Quaest,2026-10-03,497,8526505,Gabriel Souza,9.0
RS,Quaest,2026-10-03,497,8526505,Marcelo Maranata,2.0
RS,Quaest,2026-10-03,497,8526505,Priscila Voigt,0.0
RS,Quaest,2026-10-03,497,8526505,Cesar Pontes,1.0
RS,Quaest,2026-10-03,497,8526505,Rejane De Oliveira,0.0
RS,Quaest,2026-10-03,497,8526505,Indecisos,17.0
RS,Quaest,2026-10-03,497,8526505,Branco/Nulo/Não Vai Votar,7.0
SC,Quaest,2026-09-24,295,5725998,Jorginho Mello,54.0
SC,Quaest,2026-09-24,295,5725998,João Rodrigues,13.0
SC,Quaest,2026-09-24,295,5725998,Gelson Merísio,10.0
SC,Quaest,2026-09-24,295,5725998,Professor Marcus Sodré,1.0
SC,Quaest,2026-09-24,295,5725998,Marcelo Brigadeiro,1.0
SC,Quaest,2026-09-24,295,5725998,Laís Chaud,1.0
SC,Quaest,2026-09-24,295,5725998,Bruno Pedreiro Do Pco,0.0
SC,Quaest,2026-09-24,295,5725998,Ralf Zimmer,0.0
SC,Quaest,2026-09-24,295,5725998,Indecisos,15.0
SC,Quaest,2026-09-24,295,5725998,Branco/Nulo/Não Vai Votar,5.0
SE,Quaest,2026-10-03,75,1740240,Fábio,44.0
SE,Quaest,2026-10-03,75,1740240,Valmir De Francisquinho,35.0
SE,Quaest,2026-10-03,75,1740240,Taty Cristina De Jesus,0.0
SE,Quaest,2026-10-03,75,1740240,Dr. Helton,1.0
SE,Quaest,2026-10-03,75,1740240,Indecisos,13.0
SE,Quaest,2026-10-03,75,1740240,Branco/Nulo/Não Vai Votar,7.0
SP,Datafolha,2026-10-03,645,34105332,Tarcísio,55.0
SP,Datafolha,2026-10-03,645,34105332,Fernando Haddad,32.0
SP,Datafolha,2026-10-03,645,34105332,Vera Lúcia,2.0
SP,Datafolha,2026-10-03,645,34105332,Carlos Machado,1.0
SP,Datafolha,2026-10-03,645,34105332,Vivian Mendes,1.0
SP,Datafolha,2026-10-03,645,34105332,Izadora Dias,1.0
SP,Datafolha,2026-10-03,645,34105332,Em Branco/Nulo/Nenhum,6.0
SP,Datafolha,2026-10-03,645,34105332,Indecisos,3.0
TO,Quaest,2026-10-03,139,1182768,Professora Dorinha,42.0
TO,Quaest,2026-10-03,139,1182768,Vicentinho Júnior,37.0
TO,Quaest,2026-10-03,139,1182768,Laurez Moreira,10.0
TO,Quaest,2026-10-03,139,1182768,Ataides De Oliveira,1.0
TO,Quaest,2026-10-03,139,1182768,Siqueira Campos Jr.,1.0
TO,Quaest,2026-10-03,139,1182768,Prof Witer Naves,0.0
TO,Quaest,2026-10-03,139,1182768,Du Pereira,0.0
TO,Quaest,2026-10-03,139,1182768,Indecisos,3.0
TO,Quaest,2026-10-03,139,1182768,Branco/Nulo/Não Vai Votar,6.0
